<?xml version="1.0" encoding="UTF-8"?>
<project-private xmlns="http://www.netbeans.org/ns/project-private/1">
    <editor-bookmarks xmlns="http://www.netbeans.org/ns/editor-bookmarks/2" lastBookmarkId="0"/>
    <open-files xmlns="http://www.netbeans.org/ns/projectui-open-files/2">
        <group>
            <file>file:/C:/Users/Juliana/Documents/NetBeansProjects/Matricula/src/java/com/udea/modelo/Registro.java</file>
            <file>file:/C:/Users/Juliana/Documents/NetBeansProjects/Matricula/web/index.html</file>
            <file>file:/C:/Users/Juliana/Documents/NetBeansProjects/Matricula/src/conf/persistence.xml</file>
            <file>file:/C:/Users/Juliana/Documents/NetBeansProjects/Matricula/src/java/com/udea/ejb/RegistroFacade.java</file>
            <file>file:/C:/Users/Juliana/Documents/NetBeansProjects/Matricula/src/java/com/udea/ejb/AbstractFacade.java</file>
            <file>file:/C:/Users/Juliana/Documents/NetBeansProjects/Matricula/web/WEB-INF/menu.jsp</file>
            <file>file:/C:/Users/Juliana/Documents/NetBeansProjects/Matricula/src/java/com/udea/controller/RegistroServlet.java</file>
            <file>file:/C:/Users/Juliana/Documents/NetBeansProjects/Matricula/web/WEB-INF/nuevoRegistro.jsp</file>
            <file>file:/C:/Users/Juliana/Documents/NetBeansProjects/Matricula/web/WEB-INF/glassfish-resources.xml</file>
            <file>file:/C:/Users/Juliana/Documents/NetBeansProjects/Matricula/web/WEB-INF/listaRegistro.jsp</file>
            <file>file:/C:/Users/Juliana/Documents/NetBeansProjects/Matricula/web/WEB-INF/web.xml</file>
            <file>file:/C:/Users/Juliana/Documents/NetBeansProjects/Matricula/web/WEB-INF/index.jsp</file>
            <file>file:/C:/Users/Juliana/Documents/NetBeansProjects/Matricula/web/WEB-INF/manager.jsp</file>
            <file>file:/C:/Users/Juliana/Documents/NetBeansProjects/Matricula/web/WEB-INF/login.jsp</file>
        </group>
    </open-files>
</project-private>
